-- MySQL dump 10.13  Distrib 8.0.26, for Win64 (x86_64)
--
-- Host: localhost    Database: mydb
-- ------------------------------------------------------
-- Server version	8.0.26

/*!40101 SET @OLD_CHARACTER_SET_CLIENT=@@CHARACTER_SET_CLIENT */;
/*!40101 SET @OLD_CHARACTER_SET_RESULTS=@@CHARACTER_SET_RESULTS */;
/*!40101 SET @OLD_COLLATION_CONNECTION=@@COLLATION_CONNECTION */;
/*!50503 SET NAMES utf8 */;
/*!40103 SET @OLD_TIME_ZONE=@@TIME_ZONE */;
/*!40103 SET TIME_ZONE='+00:00' */;
/*!40014 SET @OLD_UNIQUE_CHECKS=@@UNIQUE_CHECKS, UNIQUE_CHECKS=0 */;
/*!40014 SET @OLD_FOREIGN_KEY_CHECKS=@@FOREIGN_KEY_CHECKS, FOREIGN_KEY_CHECKS=0 */;
/*!40101 SET @OLD_SQL_MODE=@@SQL_MODE, SQL_MODE='NO_AUTO_VALUE_ON_ZERO' */;
/*!40111 SET @OLD_SQL_NOTES=@@SQL_NOTES, SQL_NOTES=0 */;

--
-- Table structure for table `candidate_details`
--

DROP TABLE IF EXISTS `candidate_details`;
/*!40101 SET @saved_cs_client     = @@character_set_client */;
/*!50503 SET character_set_client = utf8mb4 */;
CREATE TABLE `candidate_details` (
  `c_id` int NOT NULL,
  `c_firstname` varchar(45) DEFAULT NULL,
  `c_lastname` varchar(45) DEFAULT NULL,
  `c_address` varchar(45) DEFAULT NULL,
  `c_telephonenumber` varchar(10) DEFAULT NULL,
  PRIMARY KEY (`c_id`),
  UNIQUE KEY `c_telephonenumber_UNIQUE` (`c_telephonenumber`)
) ENGINE=InnoDB DEFAULT CHARSET=utf8mb4 COLLATE=utf8mb4_0900_ai_ci;
/*!40101 SET character_set_client = @saved_cs_client */;

--
-- Dumping data for table `candidate_details`
--

LOCK TABLES `candidate_details` WRITE;
/*!40000 ALTER TABLE `candidate_details` DISABLE KEYS */;
INSERT INTO `candidate_details` VALUES (1,'John','Doe','21 Springfield Drive','0871108183'),(2,'Sarah','Richardson','30 Sundrive Road','0864937462'),(3,'James','Ross','55 Killyer Road','0873578432'),(4,'Vlad','Rasputin','99 Moscow Drive','0858382423'),(5,'Harry','Burke','12 Californian Road','0873472832'),(7,'Lisa','Lehane','98 Amsterdam Drive','0894723423'),(8,'Leroy','Vladster','91 Tallaght Road','0894834673'),(9,'Jamie','Braps','99 Leroy Road','0893736234'),(10,'Sam','Harry','27 Peterson Road','0894723323'),(11,'Oscar','Morrison Daly','55 Ballyesa Roa, Lisbon','4400583642'),(15,'Oscar','Morrison','44 Rua Lane, Lisbon','089262713');
/*!40000 ALTER TABLE `candidate_details` ENABLE KEYS */;
UNLOCK TABLES;

--
-- Table structure for table `candidate_skills`
--

DROP TABLE IF EXISTS `candidate_skills`;
/*!40101 SET @saved_cs_client     = @@character_set_client */;
/*!50503 SET character_set_client = utf8mb4 */;
CREATE TABLE `candidate_skills` (
  `csk_id` int NOT NULL,
  `c_id` int NOT NULL,
  `candidate_skillscol` varchar(45) NOT NULL,
  PRIMARY KEY (`candidate_skillscol`),
  KEY `foreign_key_cid_idx` (`c_id`),
  KEY `foreign_key_csk_idx` (`csk_id`),
  CONSTRAINT `foreign_key_cid` FOREIGN KEY (`c_id`) REFERENCES `candidate_details` (`c_id`),
  CONSTRAINT `foreign_key_csk` FOREIGN KEY (`csk_id`) REFERENCES `skills` (`s_id`)
) ENGINE=InnoDB DEFAULT CHARSET=utf8mb4 COLLATE=utf8mb4_0900_ai_ci;
/*!40101 SET character_set_client = @saved_cs_client */;

--
-- Dumping data for table `candidate_skills`
--

LOCK TABLES `candidate_skills` WRITE;
/*!40000 ALTER TABLE `candidate_skills` DISABLE KEYS */;
INSERT INTO `candidate_skills` VALUES (24,3,'primary_skill1'),(65,8,'primary_skill2');
/*!40000 ALTER TABLE `candidate_skills` ENABLE KEYS */;
UNLOCK TABLES;

--
-- Table structure for table `department_details`
--

DROP TABLE IF EXISTS `department_details`;
/*!40101 SET @saved_cs_client     = @@character_set_client */;
/*!50503 SET character_set_client = utf8mb4 */;
CREATE TABLE `department_details` (
  `dep_id` int NOT NULL,
  `department_name` varchar(45) DEFAULT NULL,
  `department_address` varchar(45) DEFAULT NULL,
  `department_telephone_number` varchar(45) DEFAULT NULL,
  PRIMARY KEY (`dep_id`),
  UNIQUE KEY `department_telephone_number_UNIQUE` (`department_telephone_number`)
) ENGINE=InnoDB DEFAULT CHARSET=utf8mb4 COLLATE=utf8mb4_0900_ai_ci;
/*!40101 SET character_set_client = @saved_cs_client */;

--
-- Dumping data for table `department_details`
--

LOCK TABLES `department_details` WRITE;
/*!40000 ALTER TABLE `department_details` DISABLE KEYS */;
INSERT INTO `department_details` VALUES (2222,'Robotics','Block H, Google HQ, USA','01986434'),(3333,'Language Support','Block G, Google HQ, USA','01947674'),(4444,'Financial','Block A, Google HQ, USA','01533464'),(5555,'Engineering','Block B, Google HQ, USA','01843873'),(6666,'IT','Block C, Google HQ, USA','01378395'),(7777,'Acturial','Block D, Google HQ, USA','01845735'),(8888,'R&D','Block E, Google HQ, USA','01478573'),(9999,'Pharma','Block F, Google HQ, USA','01957365');
/*!40000 ALTER TABLE `department_details` ENABLE KEYS */;
UNLOCK TABLES;

--
-- Table structure for table `interview_details`
--

DROP TABLE IF EXISTS `interview_details`;
/*!40101 SET @saved_cs_client     = @@character_set_client */;
/*!50503 SET character_set_client = utf8mb4 */;
CREATE TABLE `interview_details` (
  `interview_id` int NOT NULL,
  `c_id` int DEFAULT NULL,
  `dep_id` int DEFAULT NULL,
  `position_id` int DEFAULT NULL,
  `interview_date` date DEFAULT NULL,
  PRIMARY KEY (`interview_id`),
  KEY `foreign_cid_idx` (`c_id`),
  KEY `foreign_deptid_idx` (`dep_id`),
  KEY `foreign_positionid_idx` (`position_id`),
  CONSTRAINT `foreign_cid` FOREIGN KEY (`c_id`) REFERENCES `candidate_details` (`c_id`),
  CONSTRAINT `foreign_deptid` FOREIGN KEY (`dep_id`) REFERENCES `department_details` (`dep_id`),
  CONSTRAINT `foreign_positionid` FOREIGN KEY (`position_id`) REFERENCES `position_details` (`position_id`)
) ENGINE=InnoDB DEFAULT CHARSET=utf8mb4 COLLATE=utf8mb4_0900_ai_ci;
/*!40101 SET character_set_client = @saved_cs_client */;

--
-- Dumping data for table `interview_details`
--

LOCK TABLES `interview_details` WRITE;
/*!40000 ALTER TABLE `interview_details` DISABLE KEYS */;
INSERT INTO `interview_details` VALUES (1010,1,2222,345,'2021-11-19');
/*!40000 ALTER TABLE `interview_details` ENABLE KEYS */;
UNLOCK TABLES;

--
-- Table structure for table `position_details`
--

DROP TABLE IF EXISTS `position_details`;
/*!40101 SET @saved_cs_client     = @@character_set_client */;
/*!50503 SET character_set_client = utf8mb4 */;
CREATE TABLE `position_details` (
  `position_id` int NOT NULL,
  `position_type` varchar(45) DEFAULT NULL,
  `number_of_positions` int DEFAULT NULL,
  `dept_offering_ID` int DEFAULT NULL,
  `position_offered` int DEFAULT NULL,
  PRIMARY KEY (`position_id`)
) ENGINE=InnoDB DEFAULT CHARSET=utf8mb4 COLLATE=utf8mb4_0900_ai_ci;
/*!40101 SET character_set_client = @saved_cs_client */;

--
-- Dumping data for table `position_details`
--

LOCK TABLES `position_details` WRITE;
/*!40000 ALTER TABLE `position_details` DISABLE KEYS */;
INSERT INTO `position_details` VALUES (123,'Computer Programmer',1,2222,1),(234,'Financial Engineer',3,3333,2),(345,'Research Associate',2,3333,3),(456,'Data Scientist',4,4444,4),(567,'Accountant',1,5555,5),(678,'Medical Scientist',2,6666,6),(789,'Human Resource Manager',5,6666,7),(912,'Manager of IT',1,7777,8),(982,'Customer Support',2,8888,9);
/*!40000 ALTER TABLE `position_details` ENABLE KEYS */;
UNLOCK TABLES;

--
-- Table structure for table `skills`
--

DROP TABLE IF EXISTS `skills`;
/*!40101 SET @saved_cs_client     = @@character_set_client */;
/*!50503 SET character_set_client = utf8mb4 */;
CREATE TABLE `skills` (
  `s_id` int NOT NULL,
  `skill` varchar(45) DEFAULT NULL,
  PRIMARY KEY (`s_id`),
  UNIQUE KEY `skill_UNIQUE` (`skill`)
) ENGINE=InnoDB DEFAULT CHARSET=utf8mb4 COLLATE=utf8mb4_0900_ai_ci;
/*!40101 SET character_set_client = @saved_cs_client */;

--
-- Dumping data for table `skills`
--

LOCK TABLES `skills` WRITE;
/*!40000 ALTER TABLE `skills` DISABLE KEYS */;
INSERT INTO `skills` VALUES (65,'Administrative'),(12,'Bircklayering'),(43,'Exercising'),(24,'HR'),(20,'Manager Exp'),(13,'Manageral CEO'),(41,'Programming'),(18,'Skydiving'),(32,'SQL'),(34,'Technical Hiring');
/*!40000 ALTER TABLE `skills` ENABLE KEYS */;
UNLOCK TABLES;

--
-- Table structure for table `skills_required`
--

DROP TABLE IF EXISTS `skills_required`;
/*!40101 SET @saved_cs_client     = @@character_set_client */;
/*!50503 SET character_set_client = utf8mb4 */;
CREATE TABLE `skills_required` (
  `position_id` int DEFAULT NULL,
  `skills_id` int DEFAULT NULL,
  `skills_requiredcol` varchar(45) NOT NULL,
  PRIMARY KEY (`skills_requiredcol`),
  KEY `position_foreign_key_idx` (`position_id`),
  KEY `skill_foreign_key_idx` (`skills_id`),
  CONSTRAINT `position_foreign_key` FOREIGN KEY (`position_id`) REFERENCES `position_details` (`position_id`),
  CONSTRAINT `skill_foreign_key` FOREIGN KEY (`skills_id`) REFERENCES `skills` (`s_id`)
) ENGINE=InnoDB DEFAULT CHARSET=utf8mb4 COLLATE=utf8mb4_0900_ai_ci;
/*!40101 SET character_set_client = @saved_cs_client */;

--
-- Dumping data for table `skills_required`
--

LOCK TABLES `skills_required` WRITE;
/*!40000 ALTER TABLE `skills_required` DISABLE KEYS */;
INSERT INTO `skills_required` VALUES (345,24,'skill_primary'),(123,43,'skill_primary2'),(567,20,'skill_primary3'),(789,65,'skill_primary4');
/*!40000 ALTER TABLE `skills_required` ENABLE KEYS */;
UNLOCK TABLES;

--
-- Dumping events for database 'mydb'
--

--
-- Dumping routines for database 'mydb'
--
/*!50003 DROP PROCEDURE IF EXISTS `admin_skills` */;
/*!50003 SET @saved_cs_client      = @@character_set_client */ ;
/*!50003 SET @saved_cs_results     = @@character_set_results */ ;
/*!50003 SET @saved_col_connection = @@collation_connection */ ;
/*!50003 SET character_set_client  = utf8mb4 */ ;
/*!50003 SET character_set_results = utf8mb4 */ ;
/*!50003 SET collation_connection  = utf8mb4_0900_ai_ci */ ;
/*!50003 SET @saved_sql_mode       = @@sql_mode */ ;
/*!50003 SET sql_mode              = 'STRICT_TRANS_TABLES,NO_ENGINE_SUBSTITUTION' */ ;
DELIMITER ;;
CREATE DEFINER=`root`@`localhost` PROCEDURE `admin_skills`()
BEGIN
SELECT count(sr.position_id) AS NumberOfAdminRoles FROM mydb.skills_required AS sr
INNER JOIN  mydb.position_details AS pd
ON sr.position_id = pd.position_id
INNER JOIN mydb.skills AS s
ON s.s_id = sr.skills_id
WHERE  s.s_id = 65;
END ;;
DELIMITER ;
/*!50003 SET sql_mode              = @saved_sql_mode */ ;
/*!50003 SET character_set_client  = @saved_cs_client */ ;
/*!50003 SET character_set_results = @saved_cs_results */ ;
/*!50003 SET collation_connection  = @saved_col_connection */ ;
/*!50003 DROP PROCEDURE IF EXISTS `department_name` */;
/*!50003 SET @saved_cs_client      = @@character_set_client */ ;
/*!50003 SET @saved_cs_results     = @@character_set_results */ ;
/*!50003 SET @saved_col_connection = @@collation_connection */ ;
/*!50003 SET character_set_client  = utf8mb4 */ ;
/*!50003 SET character_set_results = utf8mb4 */ ;
/*!50003 SET collation_connection  = utf8mb4_0900_ai_ci */ ;
/*!50003 SET @saved_sql_mode       = @@sql_mode */ ;
/*!50003 SET sql_mode              = 'STRICT_TRANS_TABLES,NO_ENGINE_SUBSTITUTION' */ ;
DELIMITER ;;
CREATE DEFINER=`root`@`localhost` PROCEDURE `department_name`(in d_name varchar(45))
BEGIN
SELECT *
FROM department_details
WHERE department_name = d_name;
END ;;
DELIMITER ;
/*!50003 SET sql_mode              = @saved_sql_mode */ ;
/*!50003 SET character_set_client  = @saved_cs_client */ ;
/*!50003 SET character_set_results = @saved_cs_results */ ;
/*!50003 SET collation_connection  = @saved_col_connection */ ;
/*!50003 DROP PROCEDURE IF EXISTS `first_name` */;
/*!50003 SET @saved_cs_client      = @@character_set_client */ ;
/*!50003 SET @saved_cs_results     = @@character_set_results */ ;
/*!50003 SET @saved_col_connection = @@collation_connection */ ;
/*!50003 SET character_set_client  = utf8mb4 */ ;
/*!50003 SET character_set_results = utf8mb4 */ ;
/*!50003 SET collation_connection  = utf8mb4_0900_ai_ci */ ;
/*!50003 SET @saved_sql_mode       = @@sql_mode */ ;
/*!50003 SET sql_mode              = 'STRICT_TRANS_TABLES,NO_ENGINE_SUBSTITUTION' */ ;
DELIMITER ;;
CREATE DEFINER=`root`@`localhost` PROCEDURE `first_name`(in var varchar(45))
BEGIN
SELECT *
FROM candidate_details
WHERE c_firstname = var;
END ;;
DELIMITER ;
/*!50003 SET sql_mode              = @saved_sql_mode */ ;
/*!50003 SET character_set_client  = @saved_cs_client */ ;
/*!50003 SET character_set_results = @saved_cs_results */ ;
/*!50003 SET collation_connection  = @saved_col_connection */ ;
/*!50003 DROP PROCEDURE IF EXISTS `given_date` */;
/*!50003 SET @saved_cs_client      = @@character_set_client */ ;
/*!50003 SET @saved_cs_results     = @@character_set_results */ ;
/*!50003 SET @saved_col_connection = @@collation_connection */ ;
/*!50003 SET character_set_client  = utf8mb4 */ ;
/*!50003 SET character_set_results = utf8mb4 */ ;
/*!50003 SET collation_connection  = utf8mb4_0900_ai_ci */ ;
/*!50003 SET @saved_sql_mode       = @@sql_mode */ ;
/*!50003 SET sql_mode              = 'STRICT_TRANS_TABLES,NO_ENGINE_SUBSTITUTION' */ ;
DELIMITER ;;
CREATE DEFINER=`root`@`localhost` PROCEDURE `given_date`(in interview DATE)
BEGIN
SELECT interview_date 
FROM mydb.interview_details WHERE interview_date = interview;
END ;;
DELIMITER ;
/*!50003 SET sql_mode              = @saved_sql_mode */ ;
/*!50003 SET character_set_client  = @saved_cs_client */ ;
/*!50003 SET character_set_results = @saved_cs_results */ ;
/*!50003 SET collation_connection  = @saved_col_connection */ ;
/*!50003 DROP PROCEDURE IF EXISTS `interviewed_more_than_once` */;
/*!50003 SET @saved_cs_client      = @@character_set_client */ ;
/*!50003 SET @saved_cs_results     = @@character_set_results */ ;
/*!50003 SET @saved_col_connection = @@collation_connection */ ;
/*!50003 SET character_set_client  = utf8mb4 */ ;
/*!50003 SET character_set_results = utf8mb4 */ ;
/*!50003 SET collation_connection  = utf8mb4_0900_ai_ci */ ;
/*!50003 SET @saved_sql_mode       = @@sql_mode */ ;
/*!50003 SET sql_mode              = 'STRICT_TRANS_TABLES,NO_ENGINE_SUBSTITUTION' */ ;
DELIMITER ;;
CREATE DEFINER=`root`@`localhost` PROCEDURE `interviewed_more_than_once`()
BEGIN

END ;;
DELIMITER ;
/*!50003 SET sql_mode              = @saved_sql_mode */ ;
/*!50003 SET character_set_client  = @saved_cs_client */ ;
/*!50003 SET character_set_results = @saved_cs_results */ ;
/*!50003 SET collation_connection  = @saved_col_connection */ ;
/*!50003 DROP PROCEDURE IF EXISTS `offering_them` */;
/*!50003 SET @saved_cs_client      = @@character_set_client */ ;
/*!50003 SET @saved_cs_results     = @@character_set_results */ ;
/*!50003 SET @saved_col_connection = @@collation_connection */ ;
/*!50003 SET character_set_client  = utf8mb4 */ ;
/*!50003 SET character_set_results = utf8mb4 */ ;
/*!50003 SET collation_connection  = utf8mb4_0900_ai_ci */ ;
/*!50003 SET @saved_sql_mode       = @@sql_mode */ ;
/*!50003 SET sql_mode              = 'STRICT_TRANS_TABLES,NO_ENGINE_SUBSTITUTION' */ ;
DELIMITER ;;
CREATE DEFINER=`root`@`localhost` PROCEDURE `offering_them`()
BEGIN
SELECT pd.* FROM mydb.position_details AS pd
INNER JOIN mydb.department_details AS dd
ON pd.dept_offering_ID = dd.dep_id
ORDER BY pd.position_id ASC;
END ;;
DELIMITER ;
/*!50003 SET sql_mode              = @saved_sql_mode */ ;
/*!50003 SET character_set_client  = @saved_cs_client */ ;
/*!50003 SET character_set_results = @saved_cs_results */ ;
/*!50003 SET collation_connection  = @saved_col_connection */ ;
/*!50003 DROP PROCEDURE IF EXISTS `one_skill` */;
/*!50003 SET @saved_cs_client      = @@character_set_client */ ;
/*!50003 SET @saved_cs_results     = @@character_set_results */ ;
/*!50003 SET @saved_col_connection = @@collation_connection */ ;
/*!50003 SET character_set_client  = utf8mb4 */ ;
/*!50003 SET character_set_results = utf8mb4 */ ;
/*!50003 SET collation_connection  = utf8mb4_0900_ai_ci */ ;
/*!50003 SET @saved_sql_mode       = @@sql_mode */ ;
/*!50003 SET sql_mode              = 'STRICT_TRANS_TABLES,NO_ENGINE_SUBSTITUTION' */ ;
DELIMITER ;;
CREATE DEFINER=`root`@`localhost` PROCEDURE `one_skill`(in skill_id INT)
BEGIN
SELECT c.* FROM mydb.candidate_details AS c
INNER JOIN mydb.candidate_skills AS s
ON c.c_id = s.c_id
INNER JOIN mydb.skills_required AS skills_req
ON skills_req.skills_id = s.csk_id
WHERE sr.position_id = skill_id;
END ;;
DELIMITER ;
/*!50003 SET sql_mode              = @saved_sql_mode */ ;
/*!50003 SET character_set_client  = @saved_cs_client */ ;
/*!50003 SET character_set_results = @saved_cs_results */ ;
/*!50003 SET collation_connection  = @saved_col_connection */ ;
/*!50003 DROP PROCEDURE IF EXISTS `parametric_query_candidate_details_table` */;
/*!50003 SET @saved_cs_client      = @@character_set_client */ ;
/*!50003 SET @saved_cs_results     = @@character_set_results */ ;
/*!50003 SET @saved_col_connection = @@collation_connection */ ;
/*!50003 SET character_set_client  = utf8mb4 */ ;
/*!50003 SET character_set_results = utf8mb4 */ ;
/*!50003 SET collation_connection  = utf8mb4_0900_ai_ci */ ;
/*!50003 SET @saved_sql_mode       = @@sql_mode */ ;
/*!50003 SET sql_mode              = 'STRICT_TRANS_TABLES,NO_ENGINE_SUBSTITUTION' */ ;
DELIMITER ;;
CREATE DEFINER=`root`@`localhost` PROCEDURE `parametric_query_candidate_details_table`(in id INT, in f_name VARCHAR(45), in l_name VARCHAR(45), in address VARCHAR(45), in phone VARCHAR(45))
BEGIN
INSERT INTO candidate_details(c_id, c_firstname, c_lastname, c_address, c_telephonenumber)
VALUES (id, f_name, l_name, address, phone);
END ;;
DELIMITER ;
/*!50003 SET sql_mode              = @saved_sql_mode */ ;
/*!50003 SET character_set_client  = @saved_cs_client */ ;
/*!50003 SET character_set_results = @saved_cs_results */ ;
/*!50003 SET collation_connection  = @saved_col_connection */ ;
/*!50003 DROP PROCEDURE IF EXISTS `parametric_query_candidate_skills_table` */;
/*!50003 SET @saved_cs_client      = @@character_set_client */ ;
/*!50003 SET @saved_cs_results     = @@character_set_results */ ;
/*!50003 SET @saved_col_connection = @@collation_connection */ ;
/*!50003 SET character_set_client  = utf8mb4 */ ;
/*!50003 SET character_set_results = utf8mb4 */ ;
/*!50003 SET collation_connection  = utf8mb4_0900_ai_ci */ ;
/*!50003 SET @saved_sql_mode       = @@sql_mode */ ;
/*!50003 SET sql_mode              = 'STRICT_TRANS_TABLES,NO_ENGINE_SUBSTITUTION' */ ;
DELIMITER ;;
CREATE DEFINER=`root`@`localhost` PROCEDURE `parametric_query_candidate_skills_table`(in id INT, in skill_id INT, in prime VARCHAR(45))
BEGIN
INSERT INTO candidate_skills(c_id, csk_id, candidate_skillscol)
VALUES (id, skill_id, prime);
END ;;
DELIMITER ;
/*!50003 SET sql_mode              = @saved_sql_mode */ ;
/*!50003 SET character_set_client  = @saved_cs_client */ ;
/*!50003 SET character_set_results = @saved_cs_results */ ;
/*!50003 SET collation_connection  = @saved_col_connection */ ;
/*!50003 DROP PROCEDURE IF EXISTS `parametric_query_department_details_table` */;
/*!50003 SET @saved_cs_client      = @@character_set_client */ ;
/*!50003 SET @saved_cs_results     = @@character_set_results */ ;
/*!50003 SET @saved_col_connection = @@collation_connection */ ;
/*!50003 SET character_set_client  = utf8mb4 */ ;
/*!50003 SET character_set_results = utf8mb4 */ ;
/*!50003 SET collation_connection  = utf8mb4_0900_ai_ci */ ;
/*!50003 SET @saved_sql_mode       = @@sql_mode */ ;
/*!50003 SET sql_mode              = 'STRICT_TRANS_TABLES,NO_ENGINE_SUBSTITUTION' */ ;
DELIMITER ;;
CREATE DEFINER=`root`@`localhost` PROCEDURE `parametric_query_department_details_table`(in id INT, in dep_name VARCHAR(45), in dep_address VARCHAR(45), in dep_tele INT)
BEGIN
INSERT INTO department_details(dep_id, department_name, department_address, department_telephone_number)
VALUES (id, dep_name, dep_address, dep_tele);
END ;;
DELIMITER ;
/*!50003 SET sql_mode              = @saved_sql_mode */ ;
/*!50003 SET character_set_client  = @saved_cs_client */ ;
/*!50003 SET character_set_results = @saved_cs_results */ ;
/*!50003 SET collation_connection  = @saved_col_connection */ ;
/*!50003 DROP PROCEDURE IF EXISTS `parametric_query_interview_details_table` */;
/*!50003 SET @saved_cs_client      = @@character_set_client */ ;
/*!50003 SET @saved_cs_results     = @@character_set_results */ ;
/*!50003 SET @saved_col_connection = @@collation_connection */ ;
/*!50003 SET character_set_client  = utf8mb4 */ ;
/*!50003 SET character_set_results = utf8mb4 */ ;
/*!50003 SET collation_connection  = utf8mb4_0900_ai_ci */ ;
/*!50003 SET @saved_sql_mode       = @@sql_mode */ ;
/*!50003 SET sql_mode              = 'STRICT_TRANS_TABLES,NO_ENGINE_SUBSTITUTION' */ ;
DELIMITER ;;
CREATE DEFINER=`root`@`localhost` PROCEDURE `parametric_query_interview_details_table`(in id INT, in c_id INT, in dep_id INT, in pos_id INT, interview_id DATE)
BEGIN
INSERT INTO interview_details(interview_id, c_id, dep_id, position_id, interview_date)
VALUES (id, c_id, dep_id, pos_id, interview_id);
END ;;
DELIMITER ;
/*!50003 SET sql_mode              = @saved_sql_mode */ ;
/*!50003 SET character_set_client  = @saved_cs_client */ ;
/*!50003 SET character_set_results = @saved_cs_results */ ;
/*!50003 SET collation_connection  = @saved_col_connection */ ;
/*!50003 DROP PROCEDURE IF EXISTS `parametric_query_position_details_table` */;
/*!50003 SET @saved_cs_client      = @@character_set_client */ ;
/*!50003 SET @saved_cs_results     = @@character_set_results */ ;
/*!50003 SET @saved_col_connection = @@collation_connection */ ;
/*!50003 SET character_set_client  = utf8mb4 */ ;
/*!50003 SET character_set_results = utf8mb4 */ ;
/*!50003 SET collation_connection  = utf8mb4_0900_ai_ci */ ;
/*!50003 SET @saved_sql_mode       = @@sql_mode */ ;
/*!50003 SET sql_mode              = 'STRICT_TRANS_TABLES,NO_ENGINE_SUBSTITUTION' */ ;
DELIMITER ;;
CREATE DEFINER=`root`@`localhost` PROCEDURE `parametric_query_position_details_table`(in pos_id INT, in pos_type VARCHAR(45), in no_of_pos INT, in dept_offering INT)
BEGIN
INSERT INTO position_details(position_id, position_type, number_of_positions, dept_offering_ID)
VALUES (pos_id, pos_type, no_of_pos, dept_offering);
END ;;
DELIMITER ;
/*!50003 SET sql_mode              = @saved_sql_mode */ ;
/*!50003 SET character_set_client  = @saved_cs_client */ ;
/*!50003 SET character_set_results = @saved_cs_results */ ;
/*!50003 SET collation_connection  = @saved_col_connection */ ;
/*!50003 DROP PROCEDURE IF EXISTS `parametric_query_skills_required_table` */;
/*!50003 SET @saved_cs_client      = @@character_set_client */ ;
/*!50003 SET @saved_cs_results     = @@character_set_results */ ;
/*!50003 SET @saved_col_connection = @@collation_connection */ ;
/*!50003 SET character_set_client  = utf8mb4 */ ;
/*!50003 SET character_set_results = utf8mb4 */ ;
/*!50003 SET collation_connection  = utf8mb4_0900_ai_ci */ ;
/*!50003 SET @saved_sql_mode       = @@sql_mode */ ;
/*!50003 SET sql_mode              = 'STRICT_TRANS_TABLES,NO_ENGINE_SUBSTITUTION' */ ;
DELIMITER ;;
CREATE DEFINER=`root`@`localhost` PROCEDURE `parametric_query_skills_required_table`(in pos_id INT, in skill_id INT, in prime_key VARCHAR(45))
BEGIN
INSERT INTO skills_required(position_id, skills_id, skills_requiredcol)
VALUES (pos_id, skill_id, prime_key);
END ;;
DELIMITER ;
/*!50003 SET sql_mode              = @saved_sql_mode */ ;
/*!50003 SET character_set_client  = @saved_cs_client */ ;
/*!50003 SET character_set_results = @saved_cs_results */ ;
/*!50003 SET collation_connection  = @saved_col_connection */ ;
/*!50003 DROP PROCEDURE IF EXISTS `parametric_query_skills_table` */;
/*!50003 SET @saved_cs_client      = @@character_set_client */ ;
/*!50003 SET @saved_cs_results     = @@character_set_results */ ;
/*!50003 SET @saved_col_connection = @@collation_connection */ ;
/*!50003 SET character_set_client  = utf8mb4 */ ;
/*!50003 SET character_set_results = utf8mb4 */ ;
/*!50003 SET collation_connection  = utf8mb4_0900_ai_ci */ ;
/*!50003 SET @saved_sql_mode       = @@sql_mode */ ;
/*!50003 SET sql_mode              = 'STRICT_TRANS_TABLES,NO_ENGINE_SUBSTITUTION' */ ;
DELIMITER ;;
CREATE DEFINER=`root`@`localhost` PROCEDURE `parametric_query_skills_table`(in id INT, in skill VARCHAR(45))
BEGIN
INSERT INTO skills(s_id, skill)
VALUES (id, skill);
END ;;
DELIMITER ;
/*!50003 SET sql_mode              = @saved_sql_mode */ ;
/*!50003 SET character_set_client  = @saved_cs_client */ ;
/*!50003 SET character_set_results = @saved_cs_results */ ;
/*!50003 SET collation_connection  = @saved_col_connection */ ;
/*!50003 DROP PROCEDURE IF EXISTS `position_offered` */;
/*!50003 SET @saved_cs_client      = @@character_set_client */ ;
/*!50003 SET @saved_cs_results     = @@character_set_results */ ;
/*!50003 SET @saved_col_connection = @@collation_connection */ ;
/*!50003 SET character_set_client  = utf8mb4 */ ;
/*!50003 SET character_set_results = utf8mb4 */ ;
/*!50003 SET collation_connection  = utf8mb4_0900_ai_ci */ ;
/*!50003 SET @saved_sql_mode       = @@sql_mode */ ;
/*!50003 SET sql_mode              = 'STRICT_TRANS_TABLES,NO_ENGINE_SUBSTITUTION' */ ;
DELIMITER ;;
CREATE DEFINER=`root`@`localhost` PROCEDURE `position_offered`()
BEGIN
SELECT count(cd.c_id) as NumberOfCandidatesOffered FROM mydb.candidate_details AS cd
INNER JOIN mydb.position_details AS pd
ON cd.c_id = pd.position_offered;
END ;;
DELIMITER ;
/*!50003 SET sql_mode              = @saved_sql_mode */ ;
/*!50003 SET character_set_client  = @saved_cs_client */ ;
/*!50003 SET character_set_results = @saved_cs_results */ ;
/*!50003 SET collation_connection  = @saved_col_connection */ ;
/*!50003 DROP PROCEDURE IF EXISTS `specific_date` */;
/*!50003 SET @saved_cs_client      = @@character_set_client */ ;
/*!50003 SET @saved_cs_results     = @@character_set_results */ ;
/*!50003 SET @saved_col_connection = @@collation_connection */ ;
/*!50003 SET character_set_client  = utf8mb4 */ ;
/*!50003 SET character_set_results = utf8mb4 */ ;
/*!50003 SET collation_connection  = utf8mb4_0900_ai_ci */ ;
/*!50003 SET @saved_sql_mode       = @@sql_mode */ ;
/*!50003 SET sql_mode              = 'STRICT_TRANS_TABLES,NO_ENGINE_SUBSTITUTION' */ ;
DELIMITER ;;
CREATE DEFINER=`root`@`localhost` PROCEDURE `specific_date`(in interview DATE)
BEGIN
SELECT c_id AS Candidate_Identifier, interview_date 
FROM mydb.interview_details WHERE interview_date = interview;
END ;;
DELIMITER ;
/*!50003 SET sql_mode              = @saved_sql_mode */ ;
/*!50003 SET character_set_client  = @saved_cs_client */ ;
/*!50003 SET character_set_results = @saved_cs_results */ ;
/*!50003 SET collation_connection  = @saved_col_connection */ ;
/*!50003 DROP PROCEDURE IF EXISTS `specific_given_skill` */;
/*!50003 SET @saved_cs_client      = @@character_set_client */ ;
/*!50003 SET @saved_cs_results     = @@character_set_results */ ;
/*!50003 SET @saved_col_connection = @@collation_connection */ ;
/*!50003 SET character_set_client  = utf8mb4 */ ;
/*!50003 SET character_set_results = utf8mb4 */ ;
/*!50003 SET collation_connection  = utf8mb4_0900_ai_ci */ ;
/*!50003 SET @saved_sql_mode       = @@sql_mode */ ;
/*!50003 SET sql_mode              = 'STRICT_TRANS_TABLES,NO_ENGINE_SUBSTITUTION' */ ;
DELIMITER ;;
CREATE DEFINER=`root`@`localhost` PROCEDURE `specific_given_skill`(in spec_skill VARCHAR(45))
BEGIN
SELECT pd.* FROM mydb.position_details AS pd
INNER JOIN mydb.skills_required AS sr
ON sr.position_id = pd.position_id
INNER JOIN mydb.skills AS s
ON s.s_id = sr.skills_id
WHERE s.skill = skill;
END ;;
DELIMITER ;
/*!50003 SET sql_mode              = @saved_sql_mode */ ;
/*!50003 SET character_set_client  = @saved_cs_client */ ;
/*!50003 SET character_set_results = @saved_cs_results */ ;
/*!50003 SET collation_connection  = @saved_col_connection */ ;
/*!50003 DROP PROCEDURE IF EXISTS `surname` */;
/*!50003 SET @saved_cs_client      = @@character_set_client */ ;
/*!50003 SET @saved_cs_results     = @@character_set_results */ ;
/*!50003 SET @saved_col_connection = @@collation_connection */ ;
/*!50003 SET character_set_client  = utf8mb4 */ ;
/*!50003 SET character_set_results = utf8mb4 */ ;
/*!50003 SET collation_connection  = utf8mb4_0900_ai_ci */ ;
/*!50003 SET @saved_sql_mode       = @@sql_mode */ ;
/*!50003 SET sql_mode              = 'STRICT_TRANS_TABLES,NO_ENGINE_SUBSTITUTION' */ ;
DELIMITER ;;
CREATE DEFINER=`root`@`localhost` PROCEDURE `surname`(in c_idvar varchar(45))
BEGIN
SELECT c_lastname
FROM candidate_details
WHERE c_id = c_idvar;
END ;;
DELIMITER ;
/*!50003 SET sql_mode              = @saved_sql_mode */ ;
/*!50003 SET character_set_client  = @saved_cs_client */ ;
/*!50003 SET character_set_results = @saved_cs_results */ ;
/*!50003 SET collation_connection  = @saved_col_connection */ ;
/*!40103 SET TIME_ZONE=@OLD_TIME_ZONE */;

/*!40101 SET SQL_MODE=@OLD_SQL_MODE */;
/*!40014 SET FOREIGN_KEY_CHECKS=@OLD_FOREIGN_KEY_CHECKS */;
/*!40014 SET UNIQUE_CHECKS=@OLD_UNIQUE_CHECKS */;
/*!40101 SET CHARACTER_SET_CLIENT=@OLD_CHARACTER_SET_CLIENT */;
/*!40101 SET CHARACTER_SET_RESULTS=@OLD_CHARACTER_SET_RESULTS */;
/*!40101 SET COLLATION_CONNECTION=@OLD_COLLATION_CONNECTION */;
/*!40111 SET SQL_NOTES=@OLD_SQL_NOTES */;

-- Dump completed on 2021-11-07 11:35:59
